Team,winner
argentina,0.9333333333333333
cuba,0.06666666666666667
